DMA,Brand,Year,NielsenRating,LocalTeamInSB,PostRevenuePerWeek
501,BUDWEISER,2006,0.371,0,0.098291563
501,BUDWEISER,2007,0.351,0,0.107797113
501,BUDWEISER,2008,0.449,1,0.110065625
501,BUDWEISER,2009,0.379,0,0.122603888
501,BUDWEISER,2010,0.411,0,0.142136025
501,BUDWEISER,2011,0.426,0,0.130279125
501,COORS,2006,0.371,0,0.050731013
501,COORS,2007,0.351,0,0.052405663
501,COORS,2008,0.449,1,0.062195775
501,COORS,2009,0.379,0,0.071223
501,COORS,2010,0.411,0,0.083417188
501,COORS,2011,0.426,0,0.080317813
501,CORONA,2006,0.371,0,0.071252425
501,CORONA,2007,0.351,0,0.076616638
501,CORONA,2008,0.449,1,0.085969775
501,CORONA,2009,0.379,0,0.091788475
501,CORONA,2010,0.411,0,0.1016734
501,CORONA,2011,0.426,0,0.094371788
501,MILLER,2006,0.371,0,0.016342463
501,MILLER,2007,0.351,0,0.01786255
501,MILLER,2008,0.449,1,0.018108413
501,MILLER,2009,0.379,0,0.018752663
501,MILLER,2010,0.411,0,0.020945575
501,MILLER,2011,0.426,0,0.020744425
501,OTHERBEER,2006,0.371,0,0.148487725
501,OTHERBEER,2007,0.351,0,0.177783638
501,OTHERBEER,2008,0.449,1,0.201168075
501,OTHERBEER,2009,0.379,0,0.209493325
501,OTHERBEER,2010,0.411,0,0.239941363
501,OTHERBEER,2011,0.426,0,0.227952675
505,BUDWEISER,2006,0.525,0,0.219402163
505,BUDWEISER,2007,0.386,0,0.215226313
505,BUDWEISER,2008,0.475,0,0.248109763
505,BUDWEISER,2009,0.421,0,0.267724775
505,BUDWEISER,2010,0.446,0,0.284864275
505,BUDWEISER,2011,0.472,0,0.255405225
505,COORS,2006,0.525,0,0.01596285
505,COORS,2007,0.386,0,0.01473535
505,COORS,2008,0.475,0,0.02029525
505,COORS,2009,0.421,0,0.024420863
505,COORS,2010,0.446,0,0.0318844
505,COORS,2011,0.472,0,0.03148925
505,CORONA,2006,0.525,0,0.02568835
505,CORONA,2007,0.386,0,0.025724338
505,CORONA,2008,0.475,0,0.0260594
505,CORONA,2009,0.421,0,0.0247956
505,CORONA,2010,0.446,0,0.026941338
505,CORONA,2011,0.472,0,0.023601975
505,MILLER,2006,0.525,0,0.10387735
505,MILLER,2007,0.386,0,0.101237075
505,MILLER,2008,0.475,0,0.114322413
505,MILLER,2009,0.421,0,0.103528725
505,MILLER,2010,0.446,0,0.114125238
505,MILLER,2011,0.472,0,0.102326225
505,OTHERBEER,2006,0.525,0,0.219710575
505,OTHERBEER,2007,0.386,0,0.219498975
505,OTHERBEER,2008,0.475,0,0.246389788
505,OTHERBEER,2009,0.421,0,0.239341275
505,OTHERBEER,2010,0.446,0,0.246011363
505,OTHERBEER,2011,0.472,0,0.243522525
506,BUDWEISER,2006,0.4,0,0.289587213
506,BUDWEISER,2007,0.426,0,0.348152563
506,BUDWEISER,2008,0.556,1,0.36664785
506,BUDWEISER,2009,0.386,0,0.3961709
506,BUDWEISER,2010,0.455,0,0.441398725
506,BUDWEISER,2011,0.48,0,0.399853138
506,COORS,2006,0.4,0,0.067258288
506,COORS,2007,0.426,0,0.079516813
506,COORS,2008,0.556,1,0.08979935
506,COORS,2009,0.386,0,0.0979056
506,COORS,2010,0.455,0,0.105532975
506,COORS,2011,0.48,0,0.102965675
506,CORONA,2006,0.4,0,0.0537699
506,CORONA,2007,0.426,0,0.053362013
506,CORONA,2008,0.556,1,0.0619755
506,CORONA,2009,0.386,0,0.062327925
506,CORONA,2010,0.455,0,0.0728145
506,CORONA,2011,0.48,0,0.065676275
506,MILLER,2006,0.4,0,0.083160388
506,MILLER,2007,0.426,0,0.0932682
506,MILLER,2008,0.556,1,0.098311713
506,MILLER,2009,0.386,0,0.0959465
506,MILLER,2010,0.455,0,0.097284813
506,MILLER,2011,0.48,0,0.092258463
506,OTHERBEER,2006,0.4,0,0.295064738
506,OTHERBEER,2007,0.426,0,0.367361963
506,OTHERBEER,2008,0.556,1,0.385154975
506,OTHERBEER,2009,0.386,0,0.40419315
506,OTHERBEER,2010,0.455,0,0.443500013
506,OTHERBEER,2011,0.48,0,0.413247913
510,BUDWEISER,2006,0.501,0,0.169216175
510,BUDWEISER,2007,0.428,0,0.204119813
510,BUDWEISER,2008,0.444,0,0.209229538
510,BUDWEISER,2009,0.477,0,0.2119905
510,BUDWEISER,2010,0.499,0,0.229687163
510,BUDWEISER,2011,0.515,0,0.223335963
510,COORS,2006,0.501,0,0.030977888
510,COORS,2007,0.428,0,0.037006525
510,COORS,2008,0.444,0,0.041059
510,COORS,2009,0.477,0,0.042353663
510,COORS,2010,0.499,0,0.042615038
510,COORS,2011,0.515,0,0.046135775
510,CORONA,2006,0.501,0,0.021164825
510,CORONA,2007,0.428,0,0.027582813
510,CORONA,2008,0.444,0,0.026228475
510,CORONA,2009,0.477,0,0.023939238
510,CORONA,2010,0.499,0,0.024145838
510,CORONA,2011,0.515,0,0.023643263
510,MILLER,2006,0.501,0,0.108447575
510,MILLER,2007,0.428,0,0.1345293
510,MILLER,2008,0.444,0,0.136544475
510,MILLER,2009,0.477,0,0.128228675
510,MILLER,2010,0.499,0,0.1282994
510,MILLER,2011,0.515,0,0.123438538
510,OTHERBEER,2006,0.501,0,0.234232613
510,OTHERBEER,2007,0.428,0,0.2986631
510,OTHERBEER,2008,0.444,0,0.30447825
510,OTHERBEER,2009,0.477,0,0.311142838
510,OTHERBEER,2010,0.499,0,0.321066875
510,OTHERBEER,2011,0.515,0,0.33148235
511,BUDWEISER,2006,0.459,0,0.230333925
511,BUDWEISER,2007,0.426,0,0.237140225
511,BUDWEISER,2008,0.503,0,0.23566035
511,BUDWEISER,2009,0.467,0,0.262850088
511,BUDWEISER,2010,0.56,0,0.27721705
511,BUDWEISER,2011,0.529,0,0.260607238
511,COORS,2006,0.459,0,0.0750775
511,COORS,2007,0.426,0,0.079144238
511,COORS,2008,0.503,0,0.084864225
511,COORS,2009,0.467,0,0.091490963
511,COORS,2010,0.56,0,0.095234175
511,COORS,2011,0.529,0,0.09214285
511,CORONA,2006,0.459,0,0.1157175
511,CORONA,2007,0.426,0,0.109843075
511,CORONA,2008,0.503,0,0.107974025
511,CORONA,2009,0.467,0,0.099653113
511,CORONA,2010,0.56,0,0.106011488
511,CORONA,2011,0.529,0,0.0974186
511,MILLER,2006,0.459,0,0.15977395
511,MILLER,2007,0.426,0,0.164591325
511,MILLER,2008,0.503,0,0.170647625
511,MILLER,2009,0.467,0,0.171672375
511,MILLER,2010,0.56,0,0.173278113
511,MILLER,2011,0.529,0,0.1623998
511,OTHERBEER,2006,0.459,0,0.433402713
511,OTHERBEER,2007,0.426,0,0.471300488
511,OTHERBEER,2008,0.503,0,0.481546538
511,OTHERBEER,2009,0.467,0,0.5050082
511,OTHERBEER,2010,0.56,0,0.542600575
511,OTHERBEER,2011,0.529,0,0.529764813
514,BUDWEISER,2006,0.476,0,0.20816715
514,BUDWEISER,2007,0.468,0,0.201220325
514,BUDWEISER,2008,0.434,0,0.213311575
514,BUDWEISER,2009,0.504,0,0.239001563
514,BUDWEISER,2010,0.505,0,0.24540235
514,BUDWEISER,2011,0.527,0,0.248108213
514,COORS,2006,0.476,0,0.065102375
514,COORS,2007,0.468,0,0.074262063
514,COORS,2008,0.434,0,0.081298863
514,COORS,2009,0.504,0,0.084561913
514,COORS,2010,0.505,0,0.082969988
514,COORS,2011,0.527,0,0.087178425
514,CORONA,2006,0.476,0,0.010393938
514,CORONA,2007,0.468,0,0.0107272
514,CORONA,2008,0.434,0,0.012555925
514,CORONA,2009,0.504,0,0.011869
514,CORONA,2010,0.505,0,0.011917838
514,CORONA,2011,0.527,0,0.011162138
514,MILLER,2006,0.476,0,0.061902
514,MILLER,2007,0.468,0,0.0645674
514,MILLER,2008,0.434,0,0.071682263
514,MILLER,2009,0.504,0,0.069799375
514,MILLER,2010,0.505,0,0.0736208
514,MILLER,2011,0.527,0,0.0602196
514,OTHERBEER,2006,0.476,0,0.456499725
514,OTHERBEER,2007,0.468,0,0.449803838
514,OTHERBEER,2008,0.434,0,0.464187075
514,OTHERBEER,2009,0.504,0,0.495346775
514,OTHERBEER,2010,0.505,0,0.515305125
514,OTHERBEER,2011,0.527,0,0.481274738
515,BUDWEISER,2006,0.455,0,0.375982263
515,BUDWEISER,2007,0.417,0,0.39947245
515,BUDWEISER,2008,0.429,0,0.437155988
515,BUDWEISER,2009,0.424,0,0.469552938
515,BUDWEISER,2010,0.512,0,0.527115313
515,BUDWEISER,2011,0.484,0,0.50406225
515,COORS,2006,0.455,0,0.055850325
515,COORS,2007,0.417,0,0.056449538
515,COORS,2008,0.429,0,0.064148588
515,COORS,2009,0.424,0,0.071170713
515,COORS,2010,0.512,0,0.074936113
515,COORS,2011,0.484,0,0.081611375
515,CORONA,2006,0.455,0,0.034292038
515,CORONA,2007,0.417,0,0.0394628
515,CORONA,2008,0.429,0,0.036403113
515,CORONA,2009,0.424,0,0.035828013
515,CORONA,2010,0.512,0,0.040294988
515,CORONA,2011,0.484,0,0.037694888
515,MILLER,2006,0.455,0,0.189941588
515,MILLER,2007,0.417,0,0.202593738
515,MILLER,2008,0.429,0,0.223733563
515,MILLER,2009,0.424,0,0.226758325
515,MILLER,2010,0.512,0,0.243047413
515,MILLER,2011,0.484,0,0.238625063
515,OTHERBEER,2006,0.455,0,0.3883427
515,OTHERBEER,2007,0.417,0,0.419919713
515,OTHERBEER,2008,0.429,0,0.467797963
515,OTHERBEER,2009,0.424,0,0.503079325
515,OTHERBEER,2010,0.512,0,0.545188663
515,OTHERBEER,2011,0.484,0,0.5602544
517,BUDWEISER,2006,0.437,0,0.722870175
517,BUDWEISER,2007,0.432,0,0.769749425
517,BUDWEISER,2008,0.471,0,0.787206175
517,BUDWEISER,2009,0.446,0,0.937106488
517,BUDWEISER,2010,0.506,0,0.9214171
517,BUDWEISER,2011,0.508,0,0.9156139
517,COORS,2006,0.437,0,0.141488638
517,COORS,2007,0.432,0,0.167150713
517,COORS,2008,0.471,0,0.198552238
517,COORS,2009,0.446,0,0.223044963
517,COORS,2010,0.506,0,0.22510205
517,COORS,2011,0.508,0,0.224557363
517,CORONA,2006,0.437,0,0.102560075
517,CORONA,2007,0.432,0,0.112854775
517,CORONA,2008,0.471,0,0.10803075
517,CORONA,2009,0.446,0,0.105605963
517,CORONA,2010,0.506,0,0.10676605
517,CORONA,2011,0.508,0,0.11467905
517,MILLER,2006,0.437,0,0.325050025
517,MILLER,2007,0.432,0,0.346442538
517,MILLER,2008,0.471,0,0.38462135
517,MILLER,2009,0.446,0,0.406868375
517,MILLER,2010,0.506,0,0.400352913
517,MILLER,2011,0.508,0,0.39323035
517,OTHERBEER,2006,0.437,0,0.818272225
517,OTHERBEER,2007,0.432,0,0.867473813
517,OTHERBEER,2008,0.471,0,0.909030475
517,OTHERBEER,2009,0.446,0,0.899493138
517,OTHERBEER,2010,0.506,0,0.877619063
517,OTHERBEER,2011,0.508,0,0.892741863
518,BUDWEISER,2006,0.408,0,0.611638513
518,BUDWEISER,2007,0.427,0,0.65852415
518,BUDWEISER,2008,0.443,0,0.686286125
518,BUDWEISER,2009,0.447,0,0.794973263
518,BUDWEISER,2010,0.476,0,0.769665575
518,BUDWEISER,2011,0.517,0,0.82086435
518,COORS,2006,0.408,0,0.078866175
518,COORS,2007,0.427,0,0.093868463
518,COORS,2008,0.443,0,0.114830288
518,COORS,2009,0.447,0,0.130254238
518,COORS,2010,0.476,0,0.1429578
518,COORS,2011,0.517,0,0.1471716
518,CORONA,2006,0.408,0,0.069172938
518,CORONA,2007,0.427,0,0.073476913
518,CORONA,2008,0.443,0,0.072672663
518,CORONA,2009,0.447,0,0.0654787
518,CORONA,2010,0.476,0,0.068797488
518,CORONA,2011,0.517,0,0.076215638
518,MILLER,2006,0.408,0,0.200332138
518,MILLER,2007,0.427,0,0.2167884
518,MILLER,2008,0.443,0,0.2351059
518,MILLER,2009,0.447,0,0.255363975
518,MILLER,2010,0.476,0,0.24972155
518,MILLER,2011,0.517,0,0.247426988
518,OTHERBEER,2006,0.408,0,0.660928525
518,OTHERBEER,2007,0.427,0,0.706822775
518,OTHERBEER,2008,0.443,0,0.742519588
518,OTHERBEER,2009,0.447,0,0.728451525
518,OTHERBEER,2010,0.476,0,0.715366275
518,OTHERBEER,2011,0.517,0,0.726037475
524,BUDWEISER,2006,0.413,0,0.203465638
524,BUDWEISER,2007,0.43,0,0.20622575
524,BUDWEISER,2008,0.448,0,0.210036413
524,BUDWEISER,2009,0.426,0,0.239170775
524,BUDWEISER,2010,0.475,0,0.242496888
524,BUDWEISER,2011,0.497,0,0.229696875
524,COORS,2006,0.413,0,0.042832063
524,COORS,2007,0.43,0,0.047582125
524,COORS,2008,0.448,0,0.053037775
524,COORS,2009,0.426,0,0.058806063
524,COORS,2010,0.475,0,0.058495125
524,COORS,2011,0.497,0,0.062423638
524,CORONA,2006,0.413,0,0.047875575
524,CORONA,2007,0.43,0,0.05128175
524,CORONA,2008,0.448,0,0.048281913
524,CORONA,2009,0.426,0,0.041443438
524,CORONA,2010,0.475,0,0.047631788
524,CORONA,2011,0.497,0,0.043661563
524,MILLER,2006,0.413,0,0.104311325
524,MILLER,2007,0.43,0,0.106371125
524,MILLER,2008,0.448,0,0.10921585
524,MILLER,2009,0.426,0,0.115451213
524,MILLER,2010,0.475,0,0.116128925
524,MILLER,2011,0.497,0,0.119109038
524,OTHERBEER,2006,0.413,0,0.320665325
524,OTHERBEER,2007,0.43,0,0.33559825
524,OTHERBEER,2008,0.448,0,0.319576513
524,OTHERBEER,2009,0.426,0,0.353641
524,OTHERBEER,2010,0.475,0,0.379308588
524,OTHERBEER,2011,0.497,0,0.3847898
527,BUDWEISER,2006,0.478,0,0.142274838
527,BUDWEISER,2007,0.555,1,0.194254513
527,BUDWEISER,2008,0.541,0,0.165697238
527,BUDWEISER,2009,0.474,0,0.185539163
527,BUDWEISER,2010,0.542,1,0.228424038
527,BUDWEISER,2011,0.503,0,0.180313038
527,COORS,2006,0.478,0,0.053792688
527,COORS,2007,0.555,1,0.07308445
527,COORS,2008,0.541,0,0.071430525
527,COORS,2009,0.474,0,0.082168913
527,COORS,2010,0.542,1,0.090573275
527,COORS,2011,0.503,0,0.084866488
527,CORONA,2006,0.478,0,0.012731988
527,CORONA,2007,0.555,0,0.015821438
527,CORONA,2008,0.541,0,0.016662388
527,CORONA,2009,0.474,0,0.016008088
527,CORONA,2010,0.542,1,0.016184438
527,CORONA,2011,0.503,0,0.014610725
527,MILLER,2006,0.478,0,0.079144663
527,MILLER,2007,0.555,1,0.097681525
527,MILLER,2008,0.541,0,0.0906994
527,MILLER,2009,0.474,0,0.104408213
527,MILLER,2010,0.542,1,0.102368675
527,MILLER,2011,0.503,0,0.098017975
527,OTHERBEER,2006,0.478,0,0.102244575
527,OTHERBEER,2007,0.555,1,0.10699495
527,OTHERBEER,2008,0.541,0,0.119849625
527,OTHERBEER,2009,0.474,0,0.128479238
527,OTHERBEER,2010,0.542,1,0.132841288
527,OTHERBEER,2011,0.503,0,0.133254863
528,BUDWEISER,2006,0.362,0,0.253804125
528,BUDWEISER,2007,0.43,0,0.270957213
528,BUDWEISER,2008,0.422,0,0.262059863
528,BUDWEISER,2009,0.392,0,0.296513863
528,BUDWEISER,2010,0.419,0,0.302785325
528,BUDWEISER,2011,0.378,0,0.302863238
528,COORS,2006,0.362,0,0.040207763
528,COORS,2007,0.43,0,0.047590563
528,COORS,2008,0.422,0,0.048605863
528,COORS,2009,0.392,0,0.051463025
528,COORS,2010,0.419,0,0.056590338
528,COORS,2011,0.378,0,0.059101925
528,CORONA,2006,0.362,0,0.142345638
528,CORONA,2007,0.43,0,0.157307138
528,CORONA,2008,0.422,0,0.169328513
528,CORONA,2009,0.392,0,0.174817563
528,CORONA,2010,0.419,0,0.191772713
528,CORONA,2011,0.378,0,0.212907688
528,MILLER,2006,0.362,0,0.125956675
528,MILLER,2007,0.43,0,0.13109655
528,MILLER,2008,0.422,0,0.131768
528,MILLER,2009,0.392,0,0.129065088
528,MILLER,2010,0.419,0,0.127027563
528,MILLER,2011,0.378,0,0.130384063
528,OTHERBEER,2006,0.362,0,0.438094475
528,OTHERBEER,2007,0.43,0,0.496768238
528,OTHERBEER,2008,0.422,0,0.489021775
528,OTHERBEER,2009,0.392,0,0.47722555
528,OTHERBEER,2010,0.419,0,0.518914988
528,OTHERBEER,2011,0.378,0,0.502800625
529,BUDWEISER,2006,0.437,1,0.252962675
529,BUDWEISER,2007,0.424,0,0.27650045
529,BUDWEISER,2008,0.447,0,0.306225425
529,BUDWEISER,2010,0.512,0,0.366563438
529,BUDWEISER,2011,0.449,1,0.372592925
529,COORS,2006,0.437,1,0.046553838
529,COORS,2007,0.424,0,0.048794038
529,COORS,2008,0.447,0,0.050624025
529,COORS,2010,0.512,0,0.055786938
529,COORS,2011,0.449,1,0.059625138
529,CORONA,2006,0.437,0,0.0236447
529,CORONA,2007,0.424,0,0.027026625
529,CORONA,2008,0.447,0,0.023122163
529,CORONA,2010,0.512,0,0.021688025
529,CORONA,2011,0.449,1,0.021887213
529,MILLER,2006,0.437,1,0.13407175
529,MILLER,2007,0.424,0,0.142929988
529,MILLER,2008,0.447,0,0.1504264
529,MILLER,2010,0.512,0,0.160615475
529,MILLER,2011,0.449,1,0.162063525
529,OTHERBEER,2006,0.437,1,0.217840925
529,OTHERBEER,2007,0.424,0,0.231033263
529,OTHERBEER,2008,0.447,0,0.2492256
529,OTHERBEER,2010,0.512,0,0.274817625
529,OTHERBEER,2011,0.449,1,0.28456155
533,BUDWEISER,2006,0.409,0,0.051334438
533,BUDWEISER,2007,0.369,0,0.087556938
533,BUDWEISER,2008,0.435,1,0.083266375
533,BUDWEISER,2009,0.423,0,0.092775575
533,BUDWEISER,2010,0.458,0,0.099300613
533,BUDWEISER,2011,0.481,0,0.086720938
533,COORS,2006,0.409,0,0.012624638
533,COORS,2007,0.369,0,0.019117038
533,COORS,2008,0.435,1,0.020133038
533,COORS,2009,0.423,0,0.023976038
533,COORS,2010,0.458,0,0.024242588
533,COORS,2011,0.481,0,0.023996813
533,CORONA,2006,0.409,0,0.011219963
533,CORONA,2007,0.369,0,0.01560725
533,CORONA,2008,0.435,1,0.017493075
533,CORONA,2009,0.423,0,0.016049875
533,CORONA,2010,0.458,0,0.018735438
533,CORONA,2011,0.481,0,0.015390363
533,MILLER,2006,0.409,0,0.010870813
533,MILLER,2007,0.369,0,0.018796463
533,MILLER,2008,0.435,1,0.01767135
533,MILLER,2009,0.423,0,0.017487838
533,MILLER,2010,0.458,0,0.016777063
533,MILLER,2011,0.481,0,0.015585813
533,OTHERBEER,2006,0.409,0,0.052023513
533,OTHERBEER,2007,0.369,0,0.09166435
533,OTHERBEER,2008,0.435,1,0.089257688
533,OTHERBEER,2009,0.423,0,0.088406625
533,OTHERBEER,2010,0.458,0,0.093265575
533,OTHERBEER,2011,0.481,0,0.081685588
534,BUDWEISER,2006,0.472,0,0.3415299
534,BUDWEISER,2007,0.504,0,0.448880525
534,BUDWEISER,2008,0.452,1,0.447337813
534,BUDWEISER,2009,0.464,0,0.474633675
534,BUDWEISER,2010,0.477,0,0.46842675
534,BUDWEISER,2011,0.49,0,0.44945355
534,COORS,2006,0.472,0,0.0680911
534,COORS,2007,0.504,0,0.0995879
534,COORS,2008,0.452,1,0.107993288
534,COORS,2009,0.464,0,0.115642738
534,COORS,2010,0.477,0,0.11967605
534,COORS,2011,0.49,0,0.1126627
534,CORONA,2006,0.472,0,0.059522988
534,CORONA,2007,0.504,0,0.086364188
534,CORONA,2008,0.452,1,0.08474995
534,CORONA,2009,0.464,0,0.076261025
534,CORONA,2010,0.477,0,0.074092213
534,CORONA,2011,0.49,0,0.074955713
534,MILLER,2006,0.472,0,0.116907825
534,MILLER,2007,0.504,0,0.1655015
534,MILLER,2008,0.452,1,0.164222313
534,MILLER,2009,0.464,0,0.159171713
534,MILLER,2010,0.477,0,0.14847205
534,MILLER,2011,0.49,0,0.140828425
534,OTHERBEER,2006,0.472,0,0.330239113
534,OTHERBEER,2007,0.504,0,0.486980225
534,OTHERBEER,2008,0.452,1,0.474114725
534,OTHERBEER,2009,0.464,0,0.473678838
534,OTHERBEER,2010,0.477,0,0.462764463
534,OTHERBEER,2011,0.49,0,0.457076225
535,BUDWEISER,2006,0.478,0,0.327244225
535,BUDWEISER,2007,0.439,0,0.34725945
535,BUDWEISER,2008,0.498,0,0.367664375
535,BUDWEISER,2009,0.465,0,0.378241438
535,BUDWEISER,2010,0.54,0,0.4170177
535,BUDWEISER,2011,0.562,0,0.405293688
535,COORS,2006,0.478,0,0.054931425
535,COORS,2007,0.439,0,0.057956175
535,COORS,2008,0.498,0,0.065449688
535,COORS,2009,0.465,0,0.068108138
535,COORS,2010,0.54,0,0.071075788
535,COORS,2011,0.562,0,0.077594075
535,CORONA,2006,0.478,0,0.037114563
535,CORONA,2007,0.439,0,0.041989463
535,CORONA,2008,0.498,0,0.03925525
535,CORONA,2009,0.465,0,0.037539813
535,CORONA,2010,0.54,0,0.042360763
535,CORONA,2011,0.562,0,0.038936488
535,MILLER,2006,0.478,0,0.145733775
535,MILLER,2007,0.439,0,0.15962895
535,MILLER,2008,0.498,0,0.172385188
535,MILLER,2009,0.465,0,0.166719875
535,MILLER,2010,0.54,0,0.175812675
535,MILLER,2011,0.562,0,0.1775035
535,OTHERBEER,2006,0.478,0,0.4054121
535,OTHERBEER,2007,0.439,0,0.447380175
535,OTHERBEER,2008,0.498,0,0.479103125
535,OTHERBEER,2009,0.465,0,0.508129238
535,OTHERBEER,2010,0.54,0,0.534306113
535,OTHERBEER,2011,0.562,0,0.53733245
539,BUDWEISER,2006,0.394,0,0.453233363
539,BUDWEISER,2007,0.476,0,0.539196863
539,BUDWEISER,2008,0.488,0,0.5514626
539,BUDWEISER,2009,0.492,0,0.56996455
539,BUDWEISER,2010,0.466,0,0.544314763
539,BUDWEISER,2011,0.465,0,0.579138
539,COORS,2006,0.394,0,0.07253385
539,COORS,2007,0.476,0,0.094712213
539,COORS,2008,0.488,0,0.100989363
539,COORS,2009,0.492,0,0.102796775
539,COORS,2010,0.466,0,0.095317963
539,COORS,2011,0.465,0,0.101139238
539,CORONA,2006,0.394,0,0.058169
539,CORONA,2007,0.476,0,0.071422888
539,CORONA,2008,0.488,0,0.075551588
539,CORONA,2009,0.492,0,0.07201305
539,CORONA,2010,0.466,0,0.0645762
539,CORONA,2011,0.465,0,0.073946938
539,MILLER,2006,0.394,0,0.147681313
539,MILLER,2007,0.476,0,0.180808175
539,MILLER,2008,0.488,0,0.185422763
539,MILLER,2009,0.492,0,0.168756188
539,MILLER,2010,0.466,0,0.143953863
539,MILLER,2011,0.465,0,0.152531563
539,OTHERBEER,2006,0.394,0,0.460629638
539,OTHERBEER,2007,0.476,0,0.591320388
539,OTHERBEER,2008,0.488,0,0.578140125
539,OTHERBEER,2009,0.492,0,0.554629225
539,OTHERBEER,2010,0.466,0,0.498917738
539,OTHERBEER,2011,0.465,0,0.550515938
542,BUDWEISER,2006,0.451,0,0.228405838
542,BUDWEISER,2007,0.485,0,0.246311075
542,BUDWEISER,2008,0.448,0,0.266114025
542,BUDWEISER,2009,0.435,0,0.2754341
542,BUDWEISER,2010,0.537,0,0.294911413
542,BUDWEISER,2011,0.536,0,0.276192013
542,COORS,2006,0.451,0,0.02901025
542,COORS,2007,0.485,0,0.02934375
542,COORS,2008,0.448,0,0.035154975
542,COORS,2009,0.435,0,0.03613555
542,COORS,2010,0.537,0,0.036729688
542,COORS,2011,0.536,0,0.038797025
542,CORONA,2006,0.451,0,0.01842655
542,CORONA,2007,0.485,0,0.021180288
542,CORONA,2008,0.448,0,0.019058525
542,CORONA,2009,0.435,0,0.018599388
542,CORONA,2010,0.537,0,0.019884575
542,CORONA,2011,0.536,0,0.017688713
542,MILLER,2006,0.451,0,0.1012938
542,MILLER,2007,0.485,0,0.106780075
542,MILLER,2008,0.448,0,0.118274163
542,MILLER,2009,0.435,0,0.114908713
542,MILLER,2010,0.537,0,0.116713963
542,MILLER,2011,0.536,0,0.114733913
542,OTHERBEER,2006,0.451,0,0.223493538
542,OTHERBEER,2007,0.485,0,0.233589688
542,OTHERBEER,2008,0.448,0,0.255901363
542,OTHERBEER,2009,0.435,0,0.262969613
542,OTHERBEER,2010,0.537,0,0.274798788
542,OTHERBEER,2011,0.536,0,0.273754625
544,BUDWEISER,2006,0.471,0,0.759327975
544,BUDWEISER,2007,0.428,0,0.760481388
544,BUDWEISER,2008,0.481,0,0.782830975
544,BUDWEISER,2009,0.526,0,0.884727075
544,BUDWEISER,2010,0.531,0,0.874172988
544,BUDWEISER,2011,0.542,0,0.868755425
544,COORS,2006,0.471,0,0.152715963
544,COORS,2007,0.428,0,0.157676125
544,COORS,2008,0.481,0,0.181642338
544,COORS,2009,0.526,0,0.196863725
544,COORS,2010,0.531,0,0.193311938
544,COORS,2011,0.542,0,0.205041175
544,CORONA,2006,0.471,0,0.18318635
544,CORONA,2007,0.428,0,0.176300563
544,CORONA,2008,0.481,0,0.183061988
544,CORONA,2009,0.526,0,0.157866863
544,CORONA,2010,0.531,0,0.152549313
544,CORONA,2011,0.542,0,0.146630688
544,MILLER,2006,0.471,0,0.327605838
544,MILLER,2007,0.428,0,0.333159663
544,MILLER,2008,0.481,0,0.349705888
544,MILLER,2009,0.526,0,0.376908275
544,MILLER,2010,0.531,0,0.352756163
544,MILLER,2011,0.542,0,0.337196725
544,OTHERBEER,2006,0.471,0,0.985561688
544,OTHERBEER,2007,0.428,0,1.026966188
544,OTHERBEER,2008,0.481,0,1.066610563
544,OTHERBEER,2009,0.526,0,1.04083845
544,OTHERBEER,2010,0.531,0,1.033008
544,OTHERBEER,2011,0.542,0,1.026412663
548,BUDWEISER,2006,0.404,0,0.384898663
548,BUDWEISER,2007,0.443,0,0.43419155
548,BUDWEISER,2008,0.454,1,0.437741738
548,BUDWEISER,2009,0.425,0,0.450458725
548,BUDWEISER,2010,0.518,0,0.474919325
548,BUDWEISER,2011,0.492,0,0.409877088
548,COORS,2006,0.404,0,0.0583954
548,COORS,2007,0.443,0,0.069901425
548,COORS,2008,0.454,1,0.075677438
548,COORS,2009,0.425,0,0.076039425
548,COORS,2010,0.518,0,0.080450513
548,COORS,2011,0.492,0,0.07191255
548,CORONA,2006,0.404,0,0.08219365
548,CORONA,2007,0.443,0,0.0980252
548,CORONA,2008,0.454,1,0.095672213
548,CORONA,2009,0.425,0,0.088124063
548,CORONA,2010,0.518,0,0.085705
548,CORONA,2011,0.492,0,0.076352863
548,MILLER,2006,0.404,0,0.128930238
548,MILLER,2007,0.443,0,0.146602175
548,MILLER,2008,0.454,1,0.15021495
548,MILLER,2009,0.425,0,0.137817075
548,MILLER,2010,0.518,0,0.136403738
548,MILLER,2011,0.492,0,0.111801725
548,OTHERBEER,2006,0.404,0,0.347670425
548,OTHERBEER,2007,0.443,0,0.419442988
548,OTHERBEER,2008,0.454,1,0.417286775
548,OTHERBEER,2009,0.425,0,0.390083688
548,OTHERBEER,2010,0.518,0,0.38190065
548,OTHERBEER,2011,0.492,0,0.347643763
556,BUDWEISER,2006,0.46,0,0.4328553
556,BUDWEISER,2007,0.45,0,0.433900588
556,BUDWEISER,2008,0.476,0,0.448195163
556,BUDWEISER,2009,0.493,0,0.51416095
556,BUDWEISER,2010,0.503,0,0.516257713
556,BUDWEISER,2011,0.491,0,0.510412738
556,COORS,2006,0.46,0,0.170147788
556,COORS,2007,0.45,0,0.18087585
556,COORS,2008,0.476,0,0.21001835
556,COORS,2009,0.493,0,0.226011838
556,COORS,2010,0.503,0,0.225181775
556,COORS,2011,0.491,0,0.23121315
556,CORONA,2006,0.46,0,0.132334613
556,CORONA,2007,0.45,0,0.131317838
556,CORONA,2008,0.476,0,0.119052475
556,CORONA,2009,0.493,0,0.1129173
556,CORONA,2010,0.503,0,0.109118725
556,CORONA,2011,0.491,0,0.106675563
556,MILLER,2006,0.46,0,0.376914513
556,MILLER,2007,0.45,0,0.3709525
556,MILLER,2008,0.476,0,0.382894775
556,MILLER,2009,0.493,0,0.393935738
556,MILLER,2010,0.503,0,0.3732769
556,MILLER,2011,0.491,0,0.3476133
556,OTHERBEER,2006,0.46,0,0.815816388
556,OTHERBEER,2007,0.45,0,0.867462275
556,OTHERBEER,2008,0.476,0,0.892130688
556,OTHERBEER,2009,0.493,0,0.917327375
556,OTHERBEER,2010,0.503,0,0.944263225
556,OTHERBEER,2011,0.491,0,0.854817863
557,BUDWEISER,2006,0.391,0,0.39651495
557,BUDWEISER,2007,0.466,0,0.402593538
557,BUDWEISER,2008,0.455,0,0.399783063
557,BUDWEISER,2009,0.452,0,0.412382888
557,BUDWEISER,2010,0.52,0,0.41410805
557,BUDWEISER,2011,0.492,0,0.4049423
557,COORS,2006,0.391,0,0.069938875
557,COORS,2007,0.466,0,0.078104763
557,COORS,2008,0.455,0,0.088938688
557,COORS,2009,0.452,0,0.100966025
557,COORS,2010,0.52,0,0.1029057
557,COORS,2011,0.492,0,0.111489788
557,CORONA,2006,0.391,0,0.048015088
557,CORONA,2007,0.466,0,0.056248938
557,CORONA,2008,0.455,0,0.045580663
557,CORONA,2009,0.452,0,0.042756838
557,CORONA,2010,0.52,0,0.044695663
557,CORONA,2011,0.492,0,0.044888625
557,MILLER,2006,0.391,0,0.19032455
557,MILLER,2007,0.466,0,0.208416688
557,MILLER,2008,0.455,0,0.211859413
557,MILLER,2009,0.452,0,0.212695713
557,MILLER,2010,0.52,0,0.199743788
557,MILLER,2011,0.492,0,0.207372788
557,OTHERBEER,2006,0.391,0,0.624162213
557,OTHERBEER,2007,0.466,0,0.690184063
557,OTHERBEER,2008,0.455,0,0.701873288
557,OTHERBEER,2009,0.452,0,0.698719338
557,OTHERBEER,2010,0.52,0,0.7019552
557,OTHERBEER,2011,0.492,0,0.718384863
560,BUDWEISER,2006,0.465,0,0.617688513
560,BUDWEISER,2007,0.446,0,0.647591163
560,BUDWEISER,2008,0.408,0,0.65375935
560,BUDWEISER,2009,0.419,0,0.766679875
560,BUDWEISER,2010,0.46,0,0.7512543
560,BUDWEISER,2011,0.484,0,0.77161375
560,COORS,2006,0.465,0,0.094943288
560,COORS,2007,0.446,0,0.11092555
560,COORS,2008,0.408,0,0.132313113
560,COORS,2009,0.419,0,0.145172588
560,COORS,2010,0.46,0,0.152590363
560,COORS,2011,0.484,0,0.160478625
560,CORONA,2006,0.465,0,0.129951688
560,CORONA,2007,0.446,0,0.132339713
560,CORONA,2008,0.408,0,0.129828163
560,CORONA,2009,0.419,0,0.123339938
560,CORONA,2010,0.46,0,0.124764938
560,CORONA,2011,0.484,0,0.1362623
560,MILLER,2006,0.465,0,0.235053338
560,MILLER,2007,0.446,0,0.246292163
560,MILLER,2008,0.408,0,0.26798795
560,MILLER,2009,0.419,0,0.281790888
560,MILLER,2010,0.46,0,0.274074588
560,MILLER,2011,0.484,0,0.282680925
560,OTHERBEER,2006,0.465,0,0.864884188
560,OTHERBEER,2007,0.446,0,0.924340138
560,OTHERBEER,2008,0.408,0,0.980002813
560,OTHERBEER,2009,0.419,0,0.96663355
560,OTHERBEER,2010,0.46,0,0.956423138
560,OTHERBEER,2011,0.484,0,0.977714688
561,BUDWEISER,2006,0.504,0,0.417826625
561,BUDWEISER,2007,0.477,0,0.488587288
561,BUDWEISER,2008,0.52,0,0.50146625
561,BUDWEISER,2009,0.506,0,0.521522238
561,BUDWEISER,2010,0.511,0,0.50668705
561,BUDWEISER,2011,0.537,0,0.528867788
561,COORS,2006,0.504,0,0.050050275
561,COORS,2007,0.477,0,0.059865738
561,COORS,2008,0.52,0,0.066252975
561,COORS,2009,0.506,0,0.065443275
561,COORS,2010,0.511,0,0.068581063
561,COORS,2011,0.537,0,0.0717486
561,CORONA,2006,0.504,0,0.052226863
561,CORONA,2007,0.477,0,0.067293538
561,CORONA,2008,0.52,0,0.066147825
561,CORONA,2009,0.506,0,0.055311013
561,CORONA,2010,0.511,0,0.05442385
561,CORONA,2011,0.537,0,0.061664
561,MILLER,2006,0.504,0,0.122688063
561,MILLER,2007,0.477,0,0.153485188
561,MILLER,2008,0.52,0,0.1545447
561,MILLER,2009,0.506,0,0.144497525
561,MILLER,2010,0.511,0,0.134264963
561,MILLER,2011,0.537,0,0.136788675
561,OTHERBEER,2006,0.504,0,0.42773625
561,OTHERBEER,2007,0.477,0,0.546671813
561,OTHERBEER,2008,0.52,0,0.5558899
561,OTHERBEER,2009,0.506,0,0.530050775
561,OTHERBEER,2010,0.511,0,0.511844313
561,OTHERBEER,2011,0.537,0,0.540387325
567,BUDWEISER,2006,0.41,0,0.593116125
567,BUDWEISER,2007,0.365,0,0.679824288
567,BUDWEISER,2008,0.455,0,0.7164732
567,BUDWEISER,2009,0.446,0,0.838087925
567,BUDWEISER,2010,0.493,0,0.829810775
567,BUDWEISER,2011,0.532,0,0.806149513
567,COORS,2006,0.41,0,0.119428688
567,COORS,2007,0.365,0,0.140160738
567,COORS,2008,0.455,0,0.1613647
567,COORS,2009,0.446,0,0.173968925
567,COORS,2010,0.493,0,0.178124188
567,COORS,2011,0.532,0,0.177245288
567,CORONA,2006,0.41,0,0.065597263
567,CORONA,2007,0.365,0,0.071359563
567,CORONA,2008,0.455,0,0.0725955
567,CORONA,2009,0.446,0,0.063969138
567,CORONA,2010,0.493,0,0.068613563
567,CORONA,2011,0.532,0,0.07070105
567,MILLER,2006,0.41,0,0.155891325
567,MILLER,2007,0.365,0,0.173989075
567,MILLER,2008,0.455,0,0.188719025
567,MILLER,2009,0.446,0,0.203983813
567,MILLER,2010,0.493,0,0.202892388
567,MILLER,2011,0.532,0,0.197414938
567,OTHERBEER,2006,0.41,0,0.603970513
567,OTHERBEER,2007,0.365,0,0.6759989
567,OTHERBEER,2008,0.455,0,0.738274188
567,OTHERBEER,2009,0.446,0,0.754247638
567,OTHERBEER,2010,0.493,0,0.747520363
567,OTHERBEER,2011,0.532,0,0.751332963
571,BUDWEISER,2006,0.376,0,0.496781388
571,BUDWEISER,2007,0.473,0,0.667674875
571,BUDWEISER,2008,0.507,0,0.691399813
571,BUDWEISER,2009,0.481,0,0.716559613
571,BUDWEISER,2010,0.473,0,0.750732863
571,BUDWEISER,2011,0.505,1,0.760672563
571,COORS,2006,0.376,0,0.089354425
571,COORS,2007,0.473,0,0.128765238
571,COORS,2008,0.507,0,0.147524038
571,COORS,2009,0.481,0,0.154065088
571,COORS,2010,0.473,0,0.15605135
571,COORS,2011,0.505,1,0.15682585
571,CORONA,2006,0.376,0,0.09050435
571,CORONA,2007,0.473,0,0.1236451
571,CORONA,2008,0.507,0,0.123088763
571,CORONA,2009,0.481,0,0.11514985
571,CORONA,2010,0.473,0,0.108295813
571,CORONA,2011,0.505,1,0.12081395
571,MILLER,2006,0.376,0,0.166522163
571,MILLER,2007,0.473,0,0.211888338
571,MILLER,2008,0.507,0,0.2333942
571,MILLER,2009,0.481,0,0.222177275
571,MILLER,2010,0.473,0,0.205473088
571,MILLER,2011,0.505,1,0.2100975
571,OTHERBEER,2006,0.376,0,0.475009775
571,OTHERBEER,2007,0.473,0,0.64999465
571,OTHERBEER,2008,0.507,0,0.632078575
571,OTHERBEER,2009,0.481,0,0.625988563
571,OTHERBEER,2010,0.473,0,0.598606088
571,OTHERBEER,2011,0.505,1,0.630619463
602,BUDWEISER,2006,0.407,0,0.157097838
602,BUDWEISER,2007,0.502,1,0.175257975
602,BUDWEISER,2008,0.415,0,0.194022575
602,BUDWEISER,2009,0.411,0,0.237571463
602,BUDWEISER,2010,0.456,0,0.262053825
602,BUDWEISER,2011,0.514,0,0.253252963
602,COORS,2006,0.407,0,0.026956613
602,COORS,2007,0.502,1,0.03134265
602,COORS,2008,0.415,0,0.043993625
602,COORS,2009,0.411,0,0.0544582
602,COORS,2010,0.456,0,0.070963225
602,COORS,2011,0.514,0,0.077561875
602,CORONA,2006,0.407,0,0.071695975
602,CORONA,2007,0.502,0,0.084978575
602,CORONA,2008,0.415,0,0.088315763
602,CORONA,2009,0.411,0,0.099538075
602,CORONA,2010,0.456,0,0.114872425
602,CORONA,2011,0.514,0,0.0979783
602,MILLER,2006,0.407,0,0.3567847
602,MILLER,2007,0.502,1,0.3952293
602,MILLER,2008,0.415,0,0.4246266
602,MILLER,2009,0.411,0,0.42492695
602,MILLER,2010,0.456,0,0.441125888
602,MILLER,2011,0.514,0,0.402560438
602,OTHERBEER,2006,0.407,0,0.356213263
602,OTHERBEER,2007,0.502,1,0.39219525
602,OTHERBEER,2008,0.415,0,0.437035538
602,OTHERBEER,2009,0.411,0,0.4297741
602,OTHERBEER,2010,0.456,0,0.428440838
602,OTHERBEER,2011,0.514,0,0.4281883
609,BUDWEISER,2006,0.373,0,0.115763038
609,BUDWEISER,2007,0.411,0,0.132860638
609,BUDWEISER,2008,0.475,0,0.120025
609,BUDWEISER,2009,0.445,0,0.122055213
609,BUDWEISER,2010,0.447,0,0.127970425
609,BUDWEISER,2011,0.468,0,0.153711613
609,COORS,2006,0.373,0,0.004205638
609,COORS,2007,0.411,0,0.004744275
609,COORS,2008,0.475,0,0.004767788
609,COORS,2009,0.445,0,0.005717175
609,COORS,2010,0.447,0,0.006568275
609,COORS,2011,0.468,0,0.008794413
609,CORONA,2006,0.373,0,0.005944088
609,CORONA,2007,0.411,0,0.006763813
609,CORONA,2008,0.475,0,0.006199238
609,CORONA,2009,0.445,0,0.00572875
609,CORONA,2010,0.447,0,0.005745388
609,CORONA,2011,0.468,0,0.007908
609,MILLER,2006,0.373,0,0.0186501
609,MILLER,2007,0.411,0,0.0201302
609,MILLER,2008,0.475,0,0.019140375
609,MILLER,2009,0.445,0,0.019324
609,MILLER,2010,0.447,0,0.017847088
609,MILLER,2011,0.468,0,0.022200463
609,OTHERBEER,2006,0.373,0,0.069201388
609,OTHERBEER,2007,0.411,0,0.075482413
609,OTHERBEER,2008,0.475,0,0.076600563
609,OTHERBEER,2009,0.445,0,0.07292855
609,OTHERBEER,2010,0.447,0,0.074679
609,OTHERBEER,2011,0.468,0,0.087835075
616,BUDWEISER,2006,0.471,0,0.080315463
616,BUDWEISER,2007,0.496,0,0.091085238
616,BUDWEISER,2008,0.497,0,0.092438163
616,BUDWEISER,2009,0.426,0,0.11457305
616,BUDWEISER,2010,0.502,0,0.121854138
616,BUDWEISER,2011,0.539,0,0.134306663
616,COORS,2006,0.471,0,0.015612575
616,COORS,2007,0.496,0,0.016829675
616,COORS,2008,0.497,0,0.017747363
616,COORS,2009,0.426,0,0.0210555
616,COORS,2010,0.502,0,0.020943875
616,COORS,2011,0.539,0,0.023436488
616,CORONA,2006,0.471,0,0.008032625
616,CORONA,2007,0.496,0,0.009261513
616,CORONA,2008,0.497,0,0.009484575
616,CORONA,2009,0.426,0,0.011308938
616,CORONA,2010,0.502,0,0.009100275
616,CORONA,2011,0.539,0,0.009453388
616,MILLER,2006,0.471,0,0.0374597
616,MILLER,2007,0.496,0,0.041739763
616,MILLER,2008,0.497,0,0.042236413
616,MILLER,2009,0.426,0,0.044676163
616,MILLER,2010,0.502,0,0.04236265
616,MILLER,2011,0.539,0,0.043707425
616,OTHERBEER,2006,0.471,0,0.061215888
616,OTHERBEER,2007,0.496,0,0.072139575
616,OTHERBEER,2008,0.497,0,0.074809938
616,OTHERBEER,2009,0.426,0,0.084398025
616,OTHERBEER,2010,0.502,0,0.085042763
616,OTHERBEER,2011,0.539,0,0.093269
617,BUDWEISER,2007,0.488,0,0.150205563
617,BUDWEISER,2008,0.497,0,0.149594275
617,BUDWEISER,2009,0.432,0,0.169148575
617,BUDWEISER,2010,0.454,0,0.248511375
617,BUDWEISER,2011,0.597,1,0.230280975
617,COORS,2007,0.488,0,0.022223875
617,COORS,2008,0.497,0,0.031720838
617,COORS,2009,0.432,0,0.046130125
617,COORS,2010,0.454,0,0.069425638
617,COORS,2011,0.597,1,0.071163275
617,CORONA,2007,0.488,0,0.054578775
617,CORONA,2008,0.497,0,0.04746575
617,CORONA,2009,0.432,0,0.045635713
617,CORONA,2010,0.454,0,0.051746963
617,CORONA,2011,0.597,1,0.047719463
617,MILLER,2007,0.488,0,0.440983338
617,MILLER,2008,0.497,0,0.443432238
617,MILLER,2009,0.432,0,0.444028375
617,MILLER,2010,0.454,0,0.5482138
617,MILLER,2011,0.597,1,0.526129388
617,OTHERBEER,2007,0.488,0,0.411848813
617,OTHERBEER,2008,0.497,0,0.428367463
617,OTHERBEER,2009,0.432,0,0.466769738
617,OTHERBEER,2010,0.454,0,0.565559938
617,OTHERBEER,2011,0.597,1,0.5660937
618,BUDWEISER,2006,0.396,0,0.510205263
618,BUDWEISER,2007,0.397,0,0.609878675
618,BUDWEISER,2008,0.371,0,0.64689875
618,BUDWEISER,2009,0.343,0,0.711920163
618,BUDWEISER,2010,0.412,0,0.776855625
618,BUDWEISER,2011,0.446,0,0.7873919
618,COORS,2006,0.396,0,0.077491288
618,COORS,2007,0.397,0,0.0859183
618,COORS,2008,0.371,0,0.0931392
618,COORS,2009,0.343,0,0.098815975
618,COORS,2010,0.412,0,0.10668735
618,COORS,2011,0.446,0,0.113514888
618,CORONA,2006,0.396,0,0.08219225
618,CORONA,2007,0.397,0,0.096936925
618,CORONA,2008,0.371,0,0.108798763
618,CORONA,2009,0.343,0,0.113070425
618,CORONA,2010,0.412,0,0.118657888
618,CORONA,2011,0.446,0,0.127977488
618,MILLER,2006,0.396,0,0.242437238
618,MILLER,2007,0.397,0,0.266540238
618,MILLER,2008,0.371,0,0.280238563
618,MILLER,2009,0.343,0,0.279122525
618,MILLER,2010,0.412,0,0.284331188
618,MILLER,2011,0.446,0,0.287899825
618,OTHERBEER,2006,0.396,0,0.32582065
618,OTHERBEER,2007,0.397,0,0.358619688
618,OTHERBEER,2008,0.371,0,0.39613375
618,OTHERBEER,2009,0.343,0,0.419467638
618,OTHERBEER,2010,0.412,0,0.4279317
618,OTHERBEER,2011,0.446,0,0.479133863
622,BUDWEISER,2008,0.472,0,0.490854288
622,BUDWEISER,2009,0.457,0,0.513713163
622,BUDWEISER,2010,0.563,1,0.461381575
622,BUDWEISER,2011,0.522,0,0.492648575
622,COORS,2008,0.472,0,0.143348925
622,COORS,2009,0.457,0,0.1467096
622,COORS,2010,0.563,1,0.134327625
622,COORS,2011,0.522,0,0.140364825
622,CORONA,2008,0.472,0,0.058497788
622,CORONA,2009,0.457,0,0.052416525
622,CORONA,2010,0.563,1,0.049013463
622,CORONA,2011,0.522,0,0.055711875
622,MILLER,2008,0.472,0,0.175155525
622,MILLER,2009,0.457,0,0.18093425
622,MILLER,2010,0.563,1,0.16609195
622,MILLER,2011,0.522,0,0.172427463
622,OTHERBEER,2008,0.472,0,0.3894021
622,OTHERBEER,2009,0.457,0,0.3840753
622,OTHERBEER,2010,0.563,1,0.381054825
622,OTHERBEER,2011,0.522,0,0.412384588
623,BUDWEISER,2006,0.426,0,0.242026963
623,BUDWEISER,2007,0.449,0,0.302127038
623,BUDWEISER,2008,0.462,0,0.316871663
623,BUDWEISER,2009,0.442,0,0.372568925
623,BUDWEISER,2010,0.489,0,0.395751125
623,BUDWEISER,2011,0.537,0,0.426386075
623,COORS,2006,0.426,0,0.128653188
623,COORS,2007,0.449,0,0.1554938
623,COORS,2008,0.462,0,0.1669285
623,COORS,2009,0.442,0,0.178771175
623,COORS,2010,0.489,0,0.1847234
623,COORS,2011,0.537,0,0.1980737
623,CORONA,2006,0.426,0,0.045133725
623,CORONA,2007,0.449,0,0.058779338
623,CORONA,2008,0.462,0,0.064378675
623,CORONA,2009,0.442,0,0.0659926
623,CORONA,2010,0.489,0,0.07017935
623,CORONA,2011,0.537,0,0.08010445
623,MILLER,2006,0.426,0,0.1441836
623,MILLER,2007,0.449,0,0.1888777
623,MILLER,2008,0.462,0,0.20340005
623,MILLER,2009,0.442,0,0.222597238
623,MILLER,2010,0.489,0,0.221480263
623,MILLER,2011,0.537,0,0.241451013
623,OTHERBEER,2006,0.426,0,0.264167325
623,OTHERBEER,2007,0.449,0,0.348001575
623,OTHERBEER,2008,0.462,0,0.389613975
623,OTHERBEER,2009,0.442,0,0.442481975
623,OTHERBEER,2010,0.489,0,0.4617888
623,OTHERBEER,2011,0.537,0,0.515532563
630,BUDWEISER,2008,0.454,0,0.1459184
630,BUDWEISER,2010,0.489,0,0.13075345
630,BUDWEISER,2011,0.5,0,0.141327213
630,COORS,2008,0.454,0,0.024181138
630,COORS,2010,0.489,0,0.025492725
630,COORS,2011,0.5,0,0.028149775
630,CORONA,2008,0.454,0,0.0138632
630,CORONA,2010,0.489,0,0.014242325
630,CORONA,2011,0.5,0,0.015832875
630,MILLER,2008,0.454,0,0.037219638
630,MILLER,2010,0.489,0,0.035929475
630,MILLER,2011,0.5,0,0.038443788
630,OTHERBEER,2008,0.454,0,0.105312363
630,OTHERBEER,2010,0.489,0,0.110690163
630,OTHERBEER,2011,0.5,0,0.1181109
635,BUDWEISER,2006,0.415,0,0.13148295
635,BUDWEISER,2007,0.42,0,0.197038225
635,BUDWEISER,2008,0.454,0,0.2174745
635,BUDWEISER,2009,0.347,0,0.213292075
635,BUDWEISER,2010,0.45,0,0.252400388
635,BUDWEISER,2011,0.506,0,0.271614563
635,COORS,2006,0.415,0,0.032475963
635,COORS,2007,0.42,0,0.04313525
635,COORS,2008,0.454,0,0.047871125
635,COORS,2009,0.347,0,0.050147988
635,COORS,2010,0.45,0,0.056685263
635,COORS,2011,0.506,0,0.056563525
635,CORONA,2006,0.415,0,0.02297825
635,CORONA,2007,0.42,0,0.02873325
635,CORONA,2008,0.454,0,0.032739288
635,CORONA,2009,0.347,0,0.029801788
635,CORONA,2010,0.45,0,0.034714663
635,CORONA,2011,0.506,0,0.035694325
635,MILLER,2006,0.415,0,0.065079463
635,MILLER,2007,0.42,0,0.090986013
635,MILLER,2008,0.454,0,0.10290565
635,MILLER,2009,0.347,0,0.104013763
635,MILLER,2010,0.45,0,0.110498338
635,MILLER,2011,0.506,0,0.117094325
635,OTHERBEER,2006,0.415,0,0.1436929
635,OTHERBEER,2007,0.42,0,0.181475763
635,OTHERBEER,2008,0.454,0,0.215025088
635,OTHERBEER,2009,0.347,0,0.229238863
635,OTHERBEER,2010,0.45,0,0.263488188
635,OTHERBEER,2011,0.506,0,0.313461463
640,BUDWEISER,2006,0.384,0,0.383092325
640,BUDWEISER,2007,0.419,0,0.435771913
640,BUDWEISER,2008,0.478,0,0.442859513
640,BUDWEISER,2009,0.463,0,0.46368125
640,BUDWEISER,2010,0.477,0,0.49659195
640,BUDWEISER,2011,0.481,0,0.393764988
640,COORS,2006,0.384,0,0.044831663
640,COORS,2007,0.419,0,0.05422205
640,COORS,2008,0.478,0,0.061470525
640,COORS,2009,0.463,0,0.06501275
640,COORS,2010,0.477,0,0.06893075
640,COORS,2011,0.481,0,0.063341975
640,CORONA,2006,0.384,0,0.047699438
640,CORONA,2007,0.419,0,0.0572384
640,CORONA,2008,0.478,0,0.05609725
640,CORONA,2009,0.463,0,0.0481115
640,CORONA,2010,0.477,0,0.053800838
640,CORONA,2011,0.481,0,0.048304438
640,MILLER,2006,0.384,0,0.126447663
640,MILLER,2007,0.419,0,0.146681963
640,MILLER,2008,0.478,0,0.156471775
640,MILLER,2009,0.463,0,0.153859288
640,MILLER,2010,0.477,0,0.152451763
640,MILLER,2011,0.481,0,0.13277305
640,OTHERBEER,2006,0.384,0,0.292477425
640,OTHERBEER,2007,0.419,0,0.341925888
640,OTHERBEER,2008,0.478,0,0.364283163
640,OTHERBEER,2009,0.463,0,0.35981115
640,OTHERBEER,2010,0.477,0,0.379982788
640,OTHERBEER,2011,0.481,0,0.354334663
641,BUDWEISER,2007,0.363,0,0.232220475
641,BUDWEISER,2008,0.371,0,0.27873585
641,BUDWEISER,2009,0.379,0,0.27802195
641,BUDWEISER,2010,0.493,0,0.310170375
641,BUDWEISER,2011,0.499,0,0.314204438
641,COORS,2007,0.363,0,0.024383275
641,COORS,2008,0.371,0,0.031641375
641,COORS,2009,0.379,0,0.034757775
641,COORS,2010,0.493,0,0.039975
641,COORS,2011,0.499,0,0.042878975
641,CORONA,2007,0.363,0,0.014809238
641,CORONA,2008,0.371,0,0.018327413
641,CORONA,2009,0.379,0,0.017669613
641,CORONA,2010,0.493,0,0.0195397
641,CORONA,2011,0.499,0,0.019729188
641,MILLER,2007,0.363,0,0.070609888
641,MILLER,2008,0.371,0,0.085521813
641,MILLER,2009,0.379,0,0.08802835
641,MILLER,2010,0.493,0,0.088386313
641,MILLER,2011,0.499,0,0.0885602
641,OTHERBEER,2007,0.363,0,0.103993725
641,OTHERBEER,2008,0.371,0,0.127506675
641,OTHERBEER,2009,0.379,0,0.136519075
641,OTHERBEER,2010,0.493,0,0.151470238
641,OTHERBEER,2011,0.499,0,0.167908575
659,BUDWEISER,2006,0.445,0,0.268216475
659,BUDWEISER,2007,0.487,0,0.290307375
659,BUDWEISER,2008,0.478,0,0.300875688
659,BUDWEISER,2009,0.472,0,0.338249338
659,BUDWEISER,2010,0.544,0,0.337745975
659,BUDWEISER,2011,0.542,0,0.311310538
659,COORS,2006,0.445,0,0.044613838
659,COORS,2007,0.487,0,0.052160688
659,COORS,2008,0.478,0,0.061199825
659,COORS,2009,0.472,0,0.072438638
659,COORS,2010,0.544,0,0.073878888
659,COORS,2011,0.542,0,0.08160155
659,CORONA,2006,0.445,0,0.035929
659,CORONA,2007,0.487,0,0.0404477
659,CORONA,2008,0.478,0,0.033279288
659,CORONA,2009,0.472,0,0.033110288
659,CORONA,2010,0.544,0,0.03410655
659,CORONA,2011,0.542,0,0.037110338
659,MILLER,2006,0.445,0,0.121783425
659,MILLER,2007,0.487,0,0.138167713
659,MILLER,2008,0.478,0,0.140153588
659,MILLER,2009,0.472,0,0.148184638
659,MILLER,2010,0.544,0,0.142231125
659,MILLER,2011,0.542,0,0.14129205
659,OTHERBEER,2006,0.445,0,0.324835588
659,OTHERBEER,2007,0.487,0,0.365519688
659,OTHERBEER,2008,0.478,0,0.393536313
659,OTHERBEER,2009,0.472,0,0.4039041
659,OTHERBEER,2010,0.544,0,0.413701863
659,OTHERBEER,2011,0.542,0,0.410803425
671,BUDWEISER,2007,0.435,0,0.251193238
671,BUDWEISER,2008,0.445,0,0.257374063
671,BUDWEISER,2009,0.427,0,0.294312
671,BUDWEISER,2010,0.507,0,0.2970382
671,BUDWEISER,2011,0.477,0,0.303710863
671,COORS,2007,0.435,0,0.0371938
671,COORS,2008,0.445,0,0.039700625
671,COORS,2009,0.427,0,0.047267538
671,COORS,2010,0.507,0,0.051761525
671,COORS,2011,0.477,0,0.056386238
671,CORONA,2007,0.435,0,0.008759775
671,CORONA,2008,0.445,0,0.0115751
671,CORONA,2009,0.427,0,0.014111313
671,CORONA,2010,0.507,0,0.012245875
671,CORONA,2011,0.477,0,0.014137025
671,MILLER,2007,0.435,0,0.025083813
671,MILLER,2008,0.445,0,0.0282841
671,MILLER,2009,0.427,0,0.033772463
671,MILLER,2010,0.507,0,0.030587588
671,MILLER,2011,0.477,0,0.040482688
671,OTHERBEER,2007,0.435,0,0.05667465
671,OTHERBEER,2008,0.445,0,0.063839475
671,OTHERBEER,2009,0.427,0,0.07179465
671,OTHERBEER,2010,0.507,0,0.080001875
671,OTHERBEER,2011,0.477,0,0.08361595
751,BUDWEISER,2006,0.515,0,0.120372225
751,BUDWEISER,2007,0.448,0,0.137564038
751,BUDWEISER,2008,0.461,0,0.145240288
751,BUDWEISER,2009,0.447,0,0.127687013
751,BUDWEISER,2010,0.485,0,0.1332797
751,BUDWEISER,2011,0.522,0,0.133585225
751,COORS,2006,0.515,0,0.069322925
751,COORS,2007,0.448,0,0.075498238
751,COORS,2008,0.461,0,0.077239613
751,COORS,2009,0.447,0,0.065067425
751,COORS,2010,0.485,0,0.071401325
751,COORS,2011,0.522,0,0.071945
751,CORONA,2006,0.515,0,0.030825638
751,CORONA,2007,0.448,0,0.037426463
751,CORONA,2008,0.461,0,0.03775945
751,CORONA,2009,0.447,0,0.028763588
751,CORONA,2010,0.485,0,0.027697438
751,CORONA,2011,0.522,0,0.024952863
751,MILLER,2006,0.515,0,0.044912275
751,MILLER,2007,0.448,0,0.049862925
751,MILLER,2008,0.461,0,0.052870113
751,MILLER,2009,0.447,0,0.037974425
751,MILLER,2010,0.485,0,0.037580613
751,MILLER,2011,0.522,0,0.036949913
751,OTHERBEER,2006,0.515,0,0.098743963
751,OTHERBEER,2007,0.448,0,0.111414963
751,OTHERBEER,2008,0.461,0,0.108609663
751,OTHERBEER,2009,0.447,0,0.098580538
751,OTHERBEER,2010,0.485,0,0.098647438
751,OTHERBEER,2011,0.522,0,0.104906088
753,BUDWEISER,2006,0.39,0,0.932927425
753,BUDWEISER,2007,0.371,0,0.9849732
753,BUDWEISER,2008,0.47,0,1.019305163
753,BUDWEISER,2009,0.475,1,1.102046913
753,BUDWEISER,2010,0.463,0,1.124756613
753,BUDWEISER,2011,0.511,0,1.056723375
753,COORS,2006,0.39,0,0.2741068
753,COORS,2007,0.371,0,0.302190538
753,COORS,2008,0.47,0,0.336951263
753,COORS,2009,0.475,1,0.349668825
753,COORS,2010,0.463,0,0.3646572
753,COORS,2011,0.511,0,0.3949783
753,CORONA,2006,0.39,0,0.162988988
753,CORONA,2007,0.371,0,0.1903096
753,CORONA,2008,0.47,0,0.18680985
753,CORONA,2009,0.475,0,0.174098525
753,CORONA,2010,0.463,0,0.15757635
753,CORONA,2011,0.511,0,0.172347463
753,MILLER,2006,0.39,0,0.333380575
753,MILLER,2007,0.371,0,0.365772925
753,MILLER,2008,0.47,0,0.37645895
753,MILLER,2009,0.475,1,0.354616038
753,MILLER,2010,0.463,0,0.332747738
753,MILLER,2011,0.511,0,0.335900713
753,OTHERBEER,2006,0.39,0,0.826396838
753,OTHERBEER,2007,0.371,0,0.919921913
753,OTHERBEER,2008,0.47,0,0.947940625
753,OTHERBEER,2009,0.475,1,1.013359163
753,OTHERBEER,2010,0.463,0,0.956693088
753,OTHERBEER,2011,0.511,0,0.992872638
770,BUDWEISER,2006,0.372,0,0.3502828
770,BUDWEISER,2007,0.38,0,0.38568815
770,BUDWEISER,2008,0.356,0,0.420551725
770,BUDWEISER,2009,0.341,0,0.448590513
770,BUDWEISER,2010,0.379,0,0.4628236
770,BUDWEISER,2011,0.382,0,0.45877715
770,COORS,2006,0.372,0,0.063815013
770,COORS,2007,0.38,0,0.072482825
770,COORS,2008,0.356,0,0.08149335
770,COORS,2009,0.341,0,0.083486763
770,COORS,2010,0.379,0,0.087822988
770,COORS,2011,0.382,0,0.0953304
770,CORONA,2006,0.372,0,0.0572069
770,CORONA,2007,0.38,0,0.071344625
770,CORONA,2008,0.356,0,0.070589338
770,CORONA,2009,0.341,0,0.06450585
770,CORONA,2010,0.379,0,0.061877825
770,CORONA,2011,0.382,0,0.059909525
770,MILLER,2006,0.372,0,0.094652575
770,MILLER,2007,0.38,0,0.094323675
770,MILLER,2008,0.356,0,0.1035008
770,MILLER,2009,0.341,0,0.094595575
770,MILLER,2010,0.379,0,0.08868725
770,MILLER,2011,0.382,0,0.093921213
770,OTHERBEER,2006,0.372,0,0.292453963
770,OTHERBEER,2007,0.38,0,0.322859825
770,OTHERBEER,2008,0.356,0,0.337510013
770,OTHERBEER,2009,0.341,0,0.371220475
770,OTHERBEER,2010,0.379,0,0.348328025
770,OTHERBEER,2011,0.382,0,0.369360338
790,BUDWEISER,2006,0.37,0,0.618173713
790,BUDWEISER,2007,0.402,0,0.626820125
790,BUDWEISER,2008,0.362,0,0.710625538
790,BUDWEISER,2009,0.357,1,0.712452788
790,BUDWEISER,2010,0.449,0,0.78603655
790,BUDWEISER,2011,0.447,0,0.771790988
790,COORS,2006,0.37,0,0.1288705
790,COORS,2007,0.402,0,0.1373744
790,COORS,2008,0.362,0,0.155059775
790,COORS,2009,0.357,1,0.154088875
790,COORS,2010,0.449,0,0.170606788
790,COORS,2011,0.447,0,0.177975338
790,CORONA,2006,0.37,0,0.105743775
790,CORONA,2007,0.402,0,0.11750175
790,CORONA,2008,0.362,0,0.131868775
790,CORONA,2009,0.357,0,0.121880825
790,CORONA,2010,0.449,0,0.116015963
790,CORONA,2011,0.447,0,0.121001625
790,MILLER,2006,0.37,0,0.140698538
790,MILLER,2007,0.402,0,0.145037475
790,MILLER,2008,0.362,0,0.155954913
790,MILLER,2009,0.357,1,0.1659624
790,MILLER,2010,0.449,0,0.1592363
790,MILLER,2011,0.447,0,0.163478188
790,OTHERBEER,2006,0.37,0,0.538563813
790,OTHERBEER,2007,0.402,0,0.59278795
790,OTHERBEER,2008,0.362,0,0.619076338
790,OTHERBEER,2009,0.357,1,0.6254605
790,OTHERBEER,2010,0.449,0,0.623639488
790,OTHERBEER,2011,0.447,0,0.636980925
803,BUDWEISER,2006,0.342,0,0.530418325
803,BUDWEISER,2007,0.335,0,0.577234075
803,BUDWEISER,2008,0.361,0,0.614940025
803,BUDWEISER,2009,0.353,0,0.663872988
803,BUDWEISER,2010,0.394,0,0.66485565
803,BUDWEISER,2011,0.401,0,0.601723388
803,COORS,2006,0.342,0,0.223875838
803,COORS,2007,0.335,0,0.239446563
803,COORS,2008,0.361,0,0.261092563
803,COORS,2009,0.353,0,0.284171813
803,COORS,2010,0.394,0,0.30274945
803,COORS,2011,0.401,0,0.290759388
803,CORONA,2006,0.342,0,0.26209955
803,CORONA,2007,0.335,0,0.314910588
803,CORONA,2008,0.361,0,0.304044313
803,CORONA,2009,0.353,0,0.28046475
803,CORONA,2010,0.394,0,0.2926818
803,CORONA,2011,0.401,0,0.240553363
803,MILLER,2006,0.342,0,0.2465838
803,MILLER,2007,0.335,0,0.27689155
803,MILLER,2008,0.361,0,0.268920938
803,MILLER,2009,0.353,0,0.245178588
803,MILLER,2010,0.394,0,0.220537475
803,MILLER,2011,0.401,0,0.199620625
803,OTHERBEER,2006,0.342,0,0.696333825
803,OTHERBEER,2007,0.335,0,0.802388138
803,OTHERBEER,2008,0.361,0,0.854921788
803,OTHERBEER,2009,0.353,0,0.8498843
803,OTHERBEER,2010,0.394,0,0.942045888
803,OTHERBEER,2011,0.401,0,0.874609088
807,BUDWEISER,2006,0.377,0,0.364603838
807,BUDWEISER,2007,0.367,0,0.3851717
807,BUDWEISER,2008,0.403,0,0.36491295
807,BUDWEISER,2009,0.355,0,0.38546315
807,BUDWEISER,2010,0.408,0,0.401317688
807,BUDWEISER,2011,0.427,0,0.377167225
807,COORS,2006,0.377,0,0.171456113
807,COORS,2007,0.367,0,0.196791625
807,COORS,2008,0.403,0,0.211035963
807,COORS,2009,0.355,0,0.235159413
807,COORS,2010,0.408,0,0.250397675
807,COORS,2011,0.427,0,0.2549959
807,CORONA,2006,0.377,0,0.215089613
807,CORONA,2007,0.367,0,0.250892425
807,CORONA,2008,0.403,0,0.253544213
807,CORONA,2009,0.355,0,0.251587825
807,CORONA,2010,0.408,0,0.250047813
807,CORONA,2011,0.427,0,0.210796838
807,MILLER,2006,0.377,0,0.150963163
807,MILLER,2007,0.367,0,0.16350685
807,MILLER,2008,0.403,0,0.148522113
807,MILLER,2009,0.355,0,0.140122713
807,MILLER,2010,0.408,0,0.127982513
807,MILLER,2011,0.427,0,0.121715463
807,OTHERBEER,2006,0.377,0,0.618739938
807,OTHERBEER,2007,0.367,0,0.726228338
807,OTHERBEER,2008,0.403,0,0.727268525
807,OTHERBEER,2009,0.355,0,0.759962775
807,OTHERBEER,2010,0.408,0,0.838883738
807,OTHERBEER,2011,0.427,0,0.7975237
819,BUDWEISER,2006,0.544,1,0.397606475
819,BUDWEISER,2007,0.413,0,0.448170088
819,BUDWEISER,2008,0.419,0,0.477769925
819,BUDWEISER,2009,0.428,0,0.542792188
819,BUDWEISER,2010,0.437,0,0.567904975
819,BUDWEISER,2011,0.473,0,0.5512279
819,COORS,2006,0.544,1,0.131965213
819,COORS,2007,0.413,0,0.176473888
819,COORS,2008,0.419,0,0.1900093
819,COORS,2009,0.428,0,0.219338188
819,COORS,2010,0.437,0,0.249433725
819,COORS,2011,0.473,0,0.262368263
819,CORONA,2006,0.544,0,0.128629063
819,CORONA,2007,0.413,0,0.151023188
819,CORONA,2008,0.419,0,0.160373563
819,CORONA,2009,0.428,0,0.15022195
819,CORONA,2010,0.437,0,0.148998388
819,CORONA,2011,0.473,0,0.12701635
819,MILLER,2006,0.544,1,0.16860855
819,MILLER,2007,0.413,0,0.204120925
819,MILLER,2008,0.419,0,0.207986363
819,MILLER,2009,0.428,0,0.20077865
819,MILLER,2010,0.437,0,0.1923914
819,MILLER,2011,0.473,0,0.178215138
819,OTHERBEER,2006,0.544,1,0.692366813
819,OTHERBEER,2007,0.413,0,0.890473538
819,OTHERBEER,2008,0.419,0,0.916868925
819,OTHERBEER,2009,0.428,0,0.95176895
819,OTHERBEER,2010,0.437,0,1.023692338
819,OTHERBEER,2011,0.473,0,0.997651663
820,BUDWEISER,2006,0.444,1,0.330108063
820,BUDWEISER,2007,0.39,0,0.446366838
820,BUDWEISER,2008,0.39,0,0.484982488
820,BUDWEISER,2009,0.374,0,0.526997363
820,BUDWEISER,2010,0.402,0,0.529740175
820,BUDWEISER,2011,0.394,0,0.48939415
820,COORS,2006,0.444,1,0.231689538
820,COORS,2007,0.39,0,0.34770565
820,COORS,2008,0.39,0,0.33466445
820,COORS,2009,0.374,0,0.389139088
820,COORS,2010,0.402,0,0.411032588
820,COORS,2011,0.394,0,0.404376188
820,CORONA,2006,0.444,1,0.097167463
820,CORONA,2007,0.39,0,0.145783038
820,CORONA,2008,0.39,0,0.141879213
820,CORONA,2009,0.374,0,0.129251113
820,CORONA,2010,0.402,0,0.13551745
820,CORONA,2011,0.394,0,0.108428688
820,MILLER,2006,0.444,1,0.095657325
820,MILLER,2007,0.39,0,0.1479295
820,MILLER,2008,0.39,0,0.153883375
820,MILLER,2009,0.374,0,0.1587283
820,MILLER,2010,0.402,0,0.13859225
820,MILLER,2011,0.394,0,0.120819888
820,OTHERBEER,2006,0.444,1,0.510044813
820,OTHERBEER,2007,0.39,0,0.829456513
820,OTHERBEER,2008,0.39,0,0.861584713
820,OTHERBEER,2009,0.374,0,0.915301325
820,OTHERBEER,2010,0.402,0,0.9857689
820,OTHERBEER,2011,0.394,0,0.93274075
825,BUDWEISER,2006,0.391,0,0.520076313
825,BUDWEISER,2007,0.404,0,0.556817963
825,BUDWEISER,2009,0.356,0,0.611144288
825,BUDWEISER,2010,0.441,0,0.64282685
825,BUDWEISER,2011,0.455,0,0.579672663
825,COORS,2006,0.391,0,0.323013413
825,COORS,2007,0.404,0,0.347414525
825,COORS,2009,0.356,0,0.416852863
825,COORS,2010,0.441,0,0.430218538
825,COORS,2011,0.455,0,0.4026452
825,CORONA,2006,0.391,0,0.231083575
825,CORONA,2007,0.404,0,0.26843485
825,CORONA,2009,0.356,0,0.244376275
825,CORONA,2010,0.441,0,0.249615738
825,CORONA,2011,0.455,0,0.206779138
825,MILLER,2006,0.391,0,0.3217155
825,MILLER,2007,0.404,0,0.353989313
825,MILLER,2009,0.356,0,0.297987938
825,MILLER,2010,0.441,0,0.267164225
825,MILLER,2011,0.455,0,0.235654488
825,OTHERBEER,2006,0.391,0,0.866007663
825,OTHERBEER,2007,0.404,0,0.970501825
825,OTHERBEER,2009,0.356,0,1.040799875
825,OTHERBEER,2010,0.441,0,1.0984373
825,OTHERBEER,2011,0.455,0,1.004844988
839,BUDWEISER,2006,0.428,0,0.580437425
839,BUDWEISER,2007,0.422,1,0.661733813
839,BUDWEISER,2008,0.44,0,0.643326838
839,BUDWEISER,2009,0.447,0,0.70238635
839,BUDWEISER,2010,0.455,0,0.646069525
839,BUDWEISER,2011,0.497,0,0.603858025
839,COORS,2006,0.428,0,0.164726013
839,COORS,2007,0.422,1,0.173604413
839,COORS,2008,0.44,0,0.186277813
839,COORS,2009,0.447,0,0.204690713
839,COORS,2010,0.455,0,0.19363305
839,COORS,2011,0.497,0,0.186272325
839,CORONA,2006,0.428,0,0.17389765
839,CORONA,2007,0.422,0,0.207597013
839,CORONA,2008,0.44,0,0.1786733
839,CORONA,2009,0.447,0,0.160636625
839,CORONA,2010,0.455,0,0.1625837
839,CORONA,2011,0.497,0,0.136603
839,MILLER,2006,0.428,0,0.328647363
839,MILLER,2007,0.422,1,0.369959738
839,MILLER,2008,0.44,0,0.336526513
839,MILLER,2009,0.447,0,0.320397338
839,MILLER,2010,0.455,0,0.262284538
839,MILLER,2011,0.497,0,0.240578313
839,OTHERBEER,2006,0.428,0,0.58106115
839,OTHERBEER,2007,0.422,1,0.664028563
839,OTHERBEER,2008,0.44,0,0.638043075
839,OTHERBEER,2009,0.447,0,0.627649288
839,OTHERBEER,2010,0.455,0,0.618748788
839,OTHERBEER,2011,0.497,0,0.594701775
862,BUDWEISER,2006,0.404,0,0.438651825
862,BUDWEISER,2007,0.399,0,0.485412463
862,BUDWEISER,2008,0.405,0,0.4781267
862,BUDWEISER,2009,0.389,0,0.481923475
862,BUDWEISER,2010,0.441,0,0.492134188
862,BUDWEISER,2011,0.412,0,0.4803436
862,COORS,2006,0.404,0,0.195328475
862,COORS,2007,0.399,0,0.231287688
862,COORS,2008,0.405,0,0.255423188
862,COORS,2009,0.389,0,0.277433525
862,COORS,2010,0.441,0,0.297180025
862,COORS,2011,0.412,0,0.314173613
862,CORONA,2006,0.404,0,0.1823081
862,CORONA,2007,0.399,0,0.21466955
862,CORONA,2008,0.405,0,0.1977154
862,CORONA,2009,0.389,0,0.18926615
862,CORONA,2010,0.441,0,0.19355045
862,CORONA,2011,0.412,0,0.156527775
862,MILLER,2006,0.404,0,0.130890775
862,MILLER,2007,0.399,0,0.1424924
862,MILLER,2008,0.405,0,0.126284088
862,MILLER,2009,0.389,0,0.118916525
862,MILLER,2010,0.441,0,0.109519313
862,MILLER,2011,0.412,0,0.105161988
862,OTHERBEER,2006,0.404,0,0.506482463
862,OTHERBEER,2007,0.399,0,0.588555675
862,OTHERBEER,2008,0.405,0,0.58441865
862,OTHERBEER,2009,0.389,0,0.612429338
862,OTHERBEER,2010,0.441,0,0.649126438
862,OTHERBEER,2011,0.412,0,0.607445525
